Read Treasure Island and enjoy some lemonade out of a irish coffee glass.,0,0,2021-07-02 23:44:20
"@Betrayed_Guild I am deeply sorry. I have logged on the wrong account and did a bunch of missclick, because my dog was drinking my coffee and I was in the shower I somehow did /g transfer and blew up his island  #JusticeForBetrayed!!!",0,0,2021-07-02 23:36:53
"Angel Oak, Southern Live Oak, Johns Island, South Carolina 
#SouthCarolina
#FineArtAmerica #CLS 

#ArtForSale https://t.co/D86Ipiralh

Card https://t.co/hR2GQ9oSmv

Tote Bag https://t.co/lFwUbX9i1O

Tapestry https://t.co/E0cehpXP1g

Mug https://t.co/K4rg518hR3 @FineArtAmerica https://t.co/xZcGLiKmM4",0,21,2021-07-02 23:09:53
"@Prismlove2 She‚Äôs definitely still visiting the island! She‚Äôll DM your mom. Maybe she can meet your mom &amp; you for lunch/coffee while there. She‚Äôll only be a month away from her last round of chemo, so just a lot of pool &amp; beach sitting, visiting friends &amp; eating good food while she‚Äôs there.",2,0,2021-07-02 22:56:22
"@mikesbloggity @tourismpei Go to Victoria By The Sea, visit Island Chocolates &amp; order a delicious dessert AND a factory coffee... which is melted chocolate in a glass then coffee &amp; topped with whip cream... plus you HAVE to get a couple of their award winning hand dipped chocolates! üòç üëçüëç",2,0,2021-07-02 22:52:04
"Angel Oak, Southern Live Oak, Johns Island, South Carolina 
#SouthCarolina
#FineArtAmerica #CLS 

#ArtForSale https://t.co/D86Ipiralh

Card https://t.co/hR2GQ9oSmv

Tote Bag https://t.co/lFwUbX9i1O

Tapestry https://t.co/E0cehpXP1g

Mug https://t.co/K4rg518hR3 @FineArtAmerica https://t.co/xZcGLiKmM4",0,21,2021-07-02 22:47:48
Long Island Bound At Flourish Bakeshop In Glen Head https://t.co/n3MSW9ggdV https://t.co/Uoc3fXS5ca,0,1,2021-07-02 22:30:19
Long Island Bound At Flourish Bakeshop In Glen Head https://t.co/n3MSW9ggdV https://t.co/Uoc3fXS5ca,2,1,2021-07-02 22:30:05
"#Bahamas Fishing Pier, Great Abaco Island.
#GreatAbaco #FineArtAmerica #CLS
#ArtForSale 
All Products: https://t.co/2BPDbEIvId
Card https://t.co/rdF8a5UdI2
Jigsaw Puzzle üß©https://t.co/JgTO9ibRYw
Shower Curtain https://t.co/u4G7N6wZv2
Mug https://t.co/AcDOP7ptZb @FineArtAmerica https://t.co/RWMKVMo0N1",0,51,2021-07-02 21:55:52
"#Bahamas Fishing Pier, Great Abaco Island.
#GreatAbaco #FineArtAmerica #CLS
#ArtForSale 
All Products: https://t.co/2BPDbEIvId
Card https://t.co/rdF8a5UdI2
Jigsaw Puzzle üß©https://t.co/JgTO9ibRYw
Shower Curtain https://t.co/u4G7N6wZv2
Mug https://t.co/AcDOP7ptZb @FineArtAmerica https://t.co/RWMKVMo0N1",0,51,2021-07-02 21:55:07
"Dauphin Island Sunrise üåÖ #Alabama
On #DauphinIsland beach, watching the sun begin its climb over Port Morgan at the mouth of Mobile Bay
#FineArtAmerica
https://t.co/VFIpvmn9Bp
Card https://t.co/4fatZywzxo
Pillow https://t.co/baODm0GviT
Mug https://t.co/2jVGlqOo06 @FineArtAmerica https://t.co/55QEAZ0GdI",0,31,2021-07-02 21:54:39
"Strawberry &amp; Blue Cotton Candy
Chocolate Ice Cream &amp; Vanilla Ice Cream
NSA Vanilla &amp; Campfire Crush
New York Cheesecake &amp; Pineapple Dole Soft Serve
Cold Brew Coffee Gelato &amp; Cake Batter
Sweet Coconut &amp; Island Banana
Cookie n' Cream &amp; Caramel Sea Salt Gelato

#FlavorFriday https://t.co/HSiN8UJsVJ",0,0,2021-07-02 21:39:42
"How about the perfect pairing of a cold beer on a hot Friday afternoon. @whitesailsbeer offers up a surprisingly light brew which changes with every batch.

Signature Dish is proudly presented by @Island_Savings

#Nanaimo #beer #Craftbeer

https://t.co/SsCTQfD5iX",0,1,2021-07-02 21:22:26
"How about the perfect pairing of a cold beer on a hot Friday afternoon. @whitesailsbeer offers up a surprisingly light brew which changes with every batch.

Signature Dish is proudly presented by @Island_Savings

#Nanaimo #beer #Craftbeer

https://t.co/SsCTQfD5iX",5,1,2021-07-02 21:15:27
oh üëÄ this coffee truck was sent to an nct 127 pictorial shooting site by slow acid and teddy island https://t.co/XzOvgqTJR0,0,263,2021-07-02 21:02:43
"Hot dog?/No, thanks. I'm watching my weight./Ah. I'm watching my height. My doctor doesn't want me to get any taller. So you're Miss, uh.../Rhode Island./I was almost Mr. Coffee. They felt I was a little too relaxed.",0,0,2021-07-02 20:54:27
"@ericagenovia Maybe taking out genovia entirely and adding something else you love? Sunflower, coffee, flamingos? So the name focuses on you and not your old island !",1,0,2021-07-02 20:45:39
"Angel Oak, Southern Live Oak, Johns Island, South Carolina 
#SouthCarolina
#FineArtAmerica #CLS 

#ArtForSale https://t.co/D86Ipiralh

Card https://t.co/hR2GQ9oSmv

Tote Bag https://t.co/lFwUbX9i1O

Tapestry https://t.co/E0cehpXP1g

Mug https://t.co/K4rg518hR3 @FineArtAmerica https://t.co/xZcGLiKmM4",0,21,2021-07-02 20:39:09
"A killer write-up about the best coffee spot on island! 
When You Come To O ªahu Timothy Yamada Wants You To Try Coffee via @forbes https://t.co/1VEup9f4ha",1,0,2021-07-02 20:34:06
"Reposted from @travel_mnf -  Another aerial of the Ch√° Gorreana Tea Plantation in Sao Miguel, Azores. Love these designs from the sky!
Are you a tea üçµ or coffee ‚òïÔ∏è person?
‚Ä¢
‚Ä¢
#saomiguel #island # gorreana #drone #visitazores #azoresgetaways #teaplan‚Ä¶ https://t.co/zBzX03gcZ4 https://t.co/fFU6aVEOpG",0,5,2021-07-02 20:23:07
Curtis at home watching love island and hearing the word ‚Äúcoffee‚Äù #LoveIsland https://t.co/8yoHu091sD,4,0,2021-07-02 20:19:35
#LoveIsland is this love island or costa coffee,0,1,2021-07-02 20:18:34
#LoveIsland is this love island or costa coffee,1,1,2021-07-02 20:17:43
@TonyaGJPrince This was twitter on TERF Island (üòÑüá¨üáß) when Laurel Hubbard (male) was announced as taking a woman's place at the Olympics. The US needs to shine brighter. Hubbard &amp; Wi-Spa must be the moment people realised their coffee had gone cold. https://t.co/rVjltzju9n,0,6,2021-07-02 20:13:56
@SouthSideJan Rosemary ham and pimento cheese on a biscuit from the coffee shop on Davis Island in Tampa (visiting mama ü§£ü§£ü§£),1,0,2021-07-02 19:20:26
"Meanwhile Ireland 

NPHET : how dare you meet your mother outdoors for a coffee! We want the whole island locked down again! Because our modelling is perfect and cannot be questioned. And we have the Health Minister @DonnellyStephen supporting our bloodless coup attempt ü§® https://t.co/BvPtJ8Kajd",0,1,2021-07-02 18:51:52
Photo Dump: 6/27/21 Oceanside Cars &amp; Coffee üöò ‚òïÔ∏è @ Cars and Coffee Long Island https://t.co/fwe8iiUbXA,0,0,2021-07-02 18:36:09
"Meanwhile Ireland 

NPHET : how dare you meet your mother outdoors for a coffee! We want the whole island locked down again! Because our modelling is perfect and cannot be questioned. And we have the Health Minister @DonnellyStephen supporting our bloodless coup attempt ü§® https://t.co/BvPtJ8Kajd",2,1,2021-07-02 18:08:35
"Tonight is the first night of the Bainbridge Island Art Walk, and our historic Pegasus Coffee House is thrilled to be participating! üé®üåø

Come enjoy art, film, food, and community! üíöüòä
#ArtWalk #BainbridgeIsland #CoffeeHouse #SupportLocalArtists #PegasusCoffee https://t.co/rNUfUNTs4P",0,0,2021-07-02 18:02:28
@ECthetwit Coffee milk is the state beverage of Rhode Island so it got made into beer a couple years ago. https://t.co/Jw5DX6SDH4,0,0,2021-07-02 17:55:43
